{
    "data": [
        {
            "results": [
                [
                    0.9683002490605942
                ],
                [
                    0.014132862606076092
                ],
                [
                    0.014132862606076092
                ],
                [
                    0.005009160267146085
                ]
            ]
        },
        {
            "results": [
                [
                    0.9683002490605942
                ],
                [
                    0.014132862606076092
                ],
                [
                    0.014132862606076092
                ],
                [
                    0.005009160267146085
                ]
            ]
        },
        {
            "results": [
                [
                    0.8695225037572573
                ],
                [
                    0.06939921260465275
                ],
                [
                    0.06939921260465275
                ],
                [
                    0.0004369959075859558
                ]
            ]
        },
        {
            "results": [
                [
                    0.8695225037572573
                ],
                [
                    0.06939921260465275
                ],
                [
                    0.06939921260465275
                ],
                [
                    0.0004369959075859558
                ]
            ]
        }
    ]
}