{
    "layer1": {
        "weights": [
            [
                -1.9313644497054125,
                -1.9313644497054125,
                -1.9313644497054125,
                -1.9313644497054125
            ],
            [
                -1.9313644497054125,
                -1.9313644497054125,
                -1.9313644497054125,
                -1.9313644497054125
            ]
        ],
        "biases": [
            1.7511235808263788,
            1.7511235808263788,
            1.7511235808263788,
            1.7511235808263788
        ]
    },
    "layer2": {
        "weights": [
            [
                -3.235999059069833
            ],
            [
                -3.235999059069833
            ],
            [
                -3.235999059069833
            ],
            [
                -3.235999059069833
            ]
        ],
        "biases": [
            3.2943578768509645
        ]
    }
}
